Source:,C:\Users\umutb\OneDrive - Arizona State University\egr304\egr304-subsystem schematic design-sb\egr304-subsystem schematic design-sb.kicad_sch,,,,,,,,,,
Date:,2025-11-11T11:25:05-0700,,,,,,,,,,
Tool:,Eeschema 9.0.4,,,,,,,,,,
Generator:,C:\Program Files\KiCad\9.0\bin\scripting\plugins/bom_csv_grouped_by_value.py,,,,,,,,,,
Component Count:,39,,,,,,,,,,
,,,,,,,,,,,
Collated Components:,,,,,,,,,,,
,,,,,,,,,,,
Item,Qty,Reference(s),Value,LibPart,Footprint,Datasheet,DNP,Datasheet,Description,Footprint,Sim.Pins
1,4,"C1, C4, C5, C6",.1uF,Device:C,Capacitor_THT:C_Disc_D5.1mm_W3.2mm_P5.00mm,~,,~,Unpolarized capacitor,Capacitor_THT:C_Disc_D5.1mm_W3.2mm_P5.00mm,
2,1,C3,.33uF,Device:C,Capacitor_THT:C_Disc_D5.1mm_W3.2mm_P5.00mm,~,,~,Unpolarized capacitor,Capacitor_THT:C_Disc_D5.1mm_W3.2mm_P5.00mm,
3,1,curiosityNano(pic18f57q43)-SB1,CN1,CuriositNano_SB:curiosityNano_SB,myfootprints':curiostity nano-sb V2,,,,,myfootprints':curiostity nano-sb V2,
4,1,D1,LED,Device:LED,LED_THT:LED_D2.0mm_W4.8mm_H2.5mm_FlatTop,~,,~,Light emitting diode,LED_THT:LED_D2.0mm_W4.8mm_H2.5mm_FlatTop,1=K 2=A
5,1,F1,200mA,Device:Fuse,Fuse:Fuse_Bourns_MF-RG300,~,,~,Fuse,Fuse:Fuse_Bourns_MF-RG300,
6,11,"J1, J12, J13, J14, J16, J18, J19, J20, J21, J22, J23",Conn_01x01 power,Connector_Generic:Conn_01x01,Connector_PinSocket_2.54mm:PinSocket_1x01_P2.54mm_Vertical,~,,~,"Generic connector, single row, 01x01, script generated (kicad-library-utils/schlib/autogen/connector/)",Connector_PinSocket_2.54mm:PinSocket_1x01_P2.54mm_Vertical,
7,1,J2,Barrel_Jack_Switch,voltage regulator smbols:Barrel_Jack_Switch,Connector_BarrelJack:BarrelJack_CUI_PJ-102AH_Horizontal,~,,~,DC Barrel Jack with an internal switch,Connector_BarrelJack:BarrelJack_CUI_PJ-102AH_Horizontal,
8,1,J4,3 (Sound Board),Connector_Generic:Conn_01x08,Connector_PinSocket_2.54mm:PinSocket_1x08_P2.54mm_Vertical,~,,~,"Generic connector, single row, 01x08, script generated (kicad-library-utils/schlib/autogen/connector/)",Connector_PinSocket_2.54mm:PinSocket_1x08_P2.54mm_Vertical,
9,2,"J6, J15",Conn_01x01 ground,Connector_Generic:Conn_01x01,Connector_PinSocket_2.54mm:PinSocket_1x01_P2.54mm_Vertical,~,,~,"Generic connector, single row, 01x01, script generated (kicad-library-utils/schlib/autogen/connector/)",Connector_PinSocket_2.54mm:PinSocket_1x01_P2.54mm_Vertical,
10,1,J10,1 (NIGHT LIGHT BOARD),Connector_Generic:Conn_01x08,Connector_PinSocket_2.54mm:PinSocket_1x08_P2.54mm_Vertical,~,,~,"Generic connector, single row, 01x08, script generated (kicad-library-utils/schlib/autogen/connector/)",Connector_PinSocket_2.54mm:PinSocket_1x08_P2.54mm_Vertical,
11,2,"JP1, JP2",Jumper_2_Bridged,Jumper:Jumper_2_Bridged,myfootprints':TestPoint_2Pads_Pitch2.54mm_Drill0.8mm-sb,~,,~,"Jumper, 2-pole, closed/bridged",myfootprints':TestPoint_2Pads_Pitch2.54mm_Drill0.8mm-sb,
12,1,M1,Motor_DC,Motor:Motor_DC,myfootprints':MOTOR PAD,~,,~,DC Motor,myfootprints':MOTOR PAD,
13,4,"R2, R8, R9, R10",10K,Device:R_US,Resistor_THT:R_Axial_DIN0309_L9.0mm_D3.2mm_P12.70mm_Horizontal,~,,~,"Resistor, US symbol",Resistor_THT:R_Axial_DIN0309_L9.0mm_D3.2mm_P12.70mm_Horizontal,
14,1,R11,220,Device:R_US,Resistor_THT:R_Axial_DIN0309_L9.0mm_D3.2mm_P12.70mm_Horizontal,~,,~,"Resistor, US symbol",Resistor_THT:R_Axial_DIN0309_L9.0mm_D3.2mm_P12.70mm_Horizontal,
15,1,R14,1K,Device:R_US,Resistor_THT:R_Axial_DIN0309_L9.0mm_D3.2mm_P12.70mm_Horizontal,~,,~,"Resistor, US symbol",Resistor_THT:R_Axial_DIN0309_L9.0mm_D3.2mm_P12.70mm_Horizontal,
16,1,SW2,SW_END,Switch:SW_DPST,myfootprints':PUSHBUTTON_SB,~,,~,Double Pole Single Throw (DPST) Switch,myfootprints':PUSHBUTTON_SB,
17,1,SW3,SW_START,Switch:SW_DPST,myfootprints':PUSHBUTTON_SB,~,,~,Double Pole Single Throw (DPST) Switch,myfootprints':PUSHBUTTON_SB,
18,1,SW4,SW_RESET,Switch:SW_DPST,myfootprints':PUSHBUTTON_SB,~,,~,Double Pole Single Throw (DPST) Switch,myfootprints':PUSHBUTTON_SB,
19,1,SW5,SW_DEBUG,Switch:SW_DPST,myfootprints':PUSHBUTTON_SB,~,,~,Double Pole Single Throw (DPST) Switch,myfootprints':PUSHBUTTON_SB,
20,1,U1,~,H-Bridge:FAN8011N_DMA-SB,myfootprints':H-BRIDGE,,,,,myfootprints':H-BRIDGE,
21,1,U2,LM7805_SEUB,voltage regulator smbols:LM7805,myfootprints':SIP-3,,,,,myfootprints':SIP-3,
